,Event_Spec,Cruise,Latitude,Longitude,min_start_time,max_end_time,num_row_near,indexs
0,MTR_BCD2008603_1450_3106_3600_FALL,BCD2008603,43.4565,-65.4408,2000-12-15,2010-12-01,10.0,"[0, 728, 762, 1071, 2076, 2486, 2649, 2650, 2844, 3449]"
1,MTR_BCD2008603_1468_6523_3600_FALL,BCD2008603,43.4704,-65.7623,1999-11-29,2010-05-30,14.0,"[1, 377, 386, 444, 685, 807, 952, 1329, 1500, 2115, 4055, 4204, 4230, 4315]"
3,MTR_BCD2009603_1458_4245_3600_FALL,BCD2009603,44.5123,-64.0215,2005-11-28,2010-11-03,8.0,"[3, 2431, 2616, 2651, 3450, 3713, 3902, 4295]"
4,MTR_BCD2009603_1460_4159_3600_FALL,BCD2009603,43.3167,-65.8,2008-05-19,2010-05-29,3.0,"[4, 319, 843]"
5,MTR_BCD2009603_1539_6535_3600_FALL,BCD2009603,45.3473,-64.8325,2006-10-16,2010-07-31,9.0,"[5, 265, 337, 2487, 2504, 3036, 3493, 3586, 4244]"
6,MTR_BCD2009603_1540_4631_3600_FALL,BCD2009603,45.5563,-64.9155,2008-10-23,2009-11-26,4.0,"[6, 8, 3432, 3494]"
10,MTR_BCD2009603_1553_4240_3600_FALL,BCD2009603,43.9159,-64.8282,2004-12-26,2010-05-27,2.0,"[10, 1700]"
11,MTR_BCD2010603_1012_3389_3600_SPRING,BCD2010603,46.6544,-60.3794,1999-05-15,2011-11-07,12.0,"[11, 69, 121, 301, 644, 690, 1257, 1483, 1598, 1903, 3591, 4353]"
12,MTR_BCD2010603_1148_4230_3600_SPRING,BCD2010603,44.5683,-64.2,2000-08-05,2010-05-31,14.0,"[12, 34, 617, 789, 1225, 1243, 1466, 2117, 2333, 2337, 2775, 3253, 3508, 4323]"
14,MTR_BCD2010603_1098_1458_3600_SPRING,BCD2010603,44.764,-62.65,1999-04-21,2010-06-20,7.0,"[14, 304, 407, 3330, 3572, 4109, 4140]"
15,MTR_BCD2010603_1102_4265_3600_SPRING,BCD2010603,46.6943,-60.344,1999-05-15,2011-12-07,13.0,"[15, 61, 783, 942, 1076, 1551, 1602, 1604, 2954, 3099, 3243, 3705, 4326]"
16,MTR_BCD2010603_1246_4620_3600_SPRING,BCD2010603,43.5568,-65.92,2000-11-29,2010-05-29,12.0,"[16, 78, 611, 1111, 1239, 1933, 2324, 2420, 2682, 2878, 3175, 3301]"
17,MTR_BCD2010603_1268_4256_3600_SPRING,BCD2010603,44.935,-61.9917,2001-04-20,2010-06-20,9.0,"[17, 468, 792, 1137, 1168, 2127, 2759, 3469, 4183]"
18,MTR_BCD2010603_1296_4233_3600_SPRING,BCD2010603,45.1263,-61.5838,2003-04-19,2010-06-17,2.0,"[18, 4001]"
19,MTR_BCD2010603_1334_6519_3600_SPRING,BCD2010603,43.6017,-66.3954,2007-04-01,2010-05-31,4.0,"[19, 2611, 3091, 4169]"
20,MTR_BCD2010603_1342_4652_3600_SPRING,BCD2010603,43.541,-65.3287,2003-11-23,2010-05-31,6.0,"[20, 154, 335, 1180, 2937, 4147]"
21,MTR_BCD2010603_1444_3107_3600_SPRING,BCD2010603,45.5825,-60.7513,2005-12-05,2010-06-30,6.0,"[21, 40, 316, 2704, 3161, 4069]"
22,MTR_BCD2010603_1478_6525_3600_SPRING,BCD2010603,45.3457,-61.2787,2006-04-29,2010-06-30,5.0,"[22, 200, 2311, 2556, 3362]"
23,MTR_BCD2010603_1492_4622_3600_SPRING,BCD2010603,45.6103,-60.9684,2007-10-05,2010-06-30,4.0,"[23, 44, 3030, 3162]"
24,MTR_BCD2010603_1524_1511_3600_SPRING,BCD2010603,44.45,-63.6,2002-11-26,2010-11-01,5.0,"[24, 805, 1867, 3498, 4116]"
28,MTR_BCD2007603_1006_8899_3600_spring,BCD2007603,46.2263,-59.949,2000-04-07,2008-07-16,12.0,"[28, 76, 678, 1417, 1490, 1531, 1941, 2813, 3342, 3929, 4057, 4061]"
29,MTR_BCD2007603_1040_9051_3600_spring,BCD2007603,45.8427,-60.118,1999-05-15,2011-07-13,12.0,"[29, 683, 836, 1599, 1904, 2547, 2782, 3575, 3623, 3677, 3928, 4104]"
30,MTR_BCD2007603_1044_1674_3600_SPRING,BCD2007603,43.6525,-65.2578,1999-04-29,2008-05-30,18.0,"[30, 1155, 1277, 1412, 1690, 1729, 1786, 1868, 2031, 2792, 2865, 3012, 3109, 3280, 3414, 3777, 3829, 4345]"
31,MTR_BCD2007603_1058_1444_3600_spring,BCD2007603,44.879,-62.3423,1999-04-17,2010-06-20,18.0,"[31, 456, 458, 911, 1517, 1682, 1839, 2130, 2213, 2850, 2852, 3435, 3667, 4076, 4077, 4078, 4079, 4105]"
33,MTR_BCD2007603_1121_6534_1800_spring,BCD2007603,46.074,-59.8232,2000-05-15,2007-12-07,5.0,"[33, 3158, 3598, 3799, 3847]"
35,MTR_BCD2007603_1168_1436_3600_SPRING,BCD2007603,43.4733,-65.825,1999-10-12,2010-08-01,21.0,"[35, 167, 180, 253, 485, 506, 813, 1065, 1330, 1373, 2384, 2440, 2452, 2476, 2627, 2833, 3295, 3341, 3463, 4228, 4313]"
36,MTR_BCD2007603_1410_1423_3600_spring,BCD2007603,44.8831,-62.1254,2005-04-19,2007-06-21,3.0,"[36, 136, 754]"
37,MTR_BCD2007603_1422_8900_3600_FALL,BCD2007603,44.2595,-66.166,2004-01-12,2008-05-31,6.0,"[37, 1636, 1969, 2917, 3263, 3911]"
38,MTR_BCD2007603_1438_7174_3600_FALL,BCD2007603,44.1077,-66.3238,2006-11-27,2010-05-28,5.0,"[38, 247, 827, 4007, 4229]"
41,MTR_BCD2007603_1462_9061_3600_FALL,BCD2007603,43.636,-65.8398,2006-11-27,2009-12-01,7.0,"[41, 248, 2344, 2396, 3237, 3270, 3794]"
43,MTR_BCD2007603_1482_2107_3600_spring,BCD2007603,46.3505,-60.2563,1999-05-21,2007-11-07,4.0,"[43, 967, 2137, 2706]"
45,MTR_BCD2007603_1504_1437_3600_SPRING,BCD2007603,44.8217,-65.5233,2007-04-21,2008-07-31,3.0,"[45, 323, 3905]"
47,MTR_BCD2007603_1515_6516_3600_SPRING,BCD2007603,45.5153,-61.112,2007-02-05,2008-06-26,3.0,"[47, 2589, 2819]"
50,MTR_BCD2009604_2004_4893_900,BCD2009604,43.67,-65.83,2009-06-17,2013-10-10,5.0,"[50, 2455, 2569, 2663, 3615]"
51,MTR_BCD2009604_2005_4891_900,BCD2009604,43.66,-65.83,2003-11-23,2013-10-10,9.0,"[51, 869, 1647, 2550, 2566, 2658, 4209, 4349, 4351]"
52,MTR_BCD2010604_2001_4646_900,BCD2010604,44.51,-66.01,2009-08-07,2013-10-22,4.0,"[52, 865, 2458, 2664]"
53,MTR_BCD2010604_2007_5691_900,BCD2010604,43.52,-65.95,2008-06-25,2010-10-14,3.0,"[53, 2560, 2661]"
54,MTR_BCD2011603_1054_4159_3600_SPRING,BCD2011603,46.5942,-60.3692,2002-12-05,2011-12-07,9.0,"[54, 236, 1546, 1600, 1838, 3434, 4063, 4137, 4252]"
55,MTR_BCD2011603_1270_4106_3600_SPRING,BCD2011603,45.8992,-59.9522,2004-05-15,2011-07-14,3.0,"[55, 841, 1508]"
56,MTR_BCD2011603_1534_1457_3600_SPRING,BCD2011603,47.0,-60.45,2003-05-23,2011-06-18,4.0,"[56, 1879, 2503, 3467]"
57,MTR_BCD2003603_1234_9071_3600_FALL_10,BCD2003603,43.6127,-66.3957,2004-02-25,2009-05-30,2.0,"[57, 2611]"
58,MTR_BCD2005603_1392_1442_3600_SPRING_5,BCD2005603,44.43,-63.63,1999-04-30,2005-05-21,4.0,"[58, 689, 1405, 4333]"
59,MTR_BCD2005603_1398_9058_3600_SPRING_1,BCD2005603,44.489,-63.8378,2004-11-30,2010-06-01,15.0,"[59, 170, 318, 499, 509, 562, 825, 1774, 2099, 2444, 2498, 2952, 3358, 3424, 3603]"
60,MTR_BCD2005603_1416_0253_3600_SPRING_1,BCD2005603,44.3687,-64.1977,2004-01-12,2010-05-27,11.0,"[60, 500, 537, 554, 1777, 2341, 2532, 2553, 3025, 3425, 4242]"
62,MTR_BCD2001603_1116_8272_1800_SPRING_1,BCD2001603,43.658,-65.1555,1999-11-29,2008-11-01,13.0,"[62, 505, 1158, 1380, 1529, 1670, 1671, 1830, 2285, 2437, 3658, 3721, 3833]"
63,MTR_BCD2001603_1126_8278_3600_FALL_SPRING_1,BCD2001603,43.7,-65.1,1999-03-12,2003-05-30,19.0,"[63, 64, 381, 392, 393, 1075, 1121, 1338, 1408, 1482, 1549, 3010, 3368, 3369, 3830, 3921, 3922, 4107, 4320]"
65,MTR_BCD2001603_1076_2134_1800_SPRING_1,BCD2001603,44.5092,-63.8267,1999-07-05,2004-01-01,8.0,"[65, 378, 879, 912, 958, 1467, 3672, 4051]"
67,MTR_BCD2001603_1008_2105_3600_SPRING_1,BCD2001603,45.0667,-61.7333,2001-04-20,2006-06-19,6.0,"[67, 128, 3574, 3710, 3974, 3975]"
68,MTR_BCD2000603_1002_2117_1800_SPRING_1,BCD2000603,46.2695,-60.1275,2000-05-15,2008-07-17,6.0,"[68, 1832, 2376, 3000, 3376, 4060]"
70,MTR_BCD2000603_1024_2122_1800_FALL_1,BCD2000603,44.478,-63.5898,1999-04-29,2006-12-19,7.0,"[70, 693, 2101, 3382, 3825, 3826, 4306]"
71,MTR_BCD2000603_1026_8180_1800_FALL_1,BCD2000603,43.9082,-64.7912,1999-04-24,2009-05-30,12.0,"[71, 510, 910, 1090, 1184, 1267, 1688, 2284, 3496, 3660, 3851, 4098]"
72,MTR_BCD2000603_1036_8355_1800_SPRING_1,BCD2000603,43.5032,-65.3568,1999-11-29,2003-10-01,3.0,"[72, 1452, 2022]"
73,MTR_BCD2000603_1046_2110_1800_FALL_1,BCD2000603,43.6917,-65.2097,1999-04-21,2010-05-31,22.0,"[73, 79, 291, 330, 529, 701, 775, 1278, 1488, 2032, 2269, 2348, 2670, 2758, 2866, 3570, 3582, 3624, 3906, 3988, 4249, 4250]"
75,MTR_BCD2000603_1054_2110_1800_SPRING_1,BCD2000603,46.7263,-60.3598,2000-05-15,2001-11-07,2.0,"[75, 1525]"
77,MTR_BCD2000603_1224_8178_1800_SPRING_1,BCD2000603,45.5878,-60.7805,2000-05-15,2010-06-26,21.0,"[77, 211, 428, 438, 474, 1001, 1491, 1756, 1890, 1992, 2202, 2323, 2787, 3137, 3160, 3349, 3440, 3507, 3528, 3770, 3772]"
82,MTR_BCD2000603_1178_8309_1800_SPRING_2,BCD2000603,43.4323,-65.433,2000-07-04,2006-12-17,2.0,"[82, 4031]"
86,MTR_BCD2000603_1206_8332_1800_SPRING_1,BCD2000603,44.9167,-62.05,2000-05-16,2007-06-22,4.0,"[86, 1213, 1444, 3154]"
92,MTR_BCD2001603_1252_8319_3600_FALL_SPRING_1,BCD2001603,43.4085,-65.8522,2001-11-26,2006-05-31,3.0,"[92, 544, 2162]"
93,MTR_BCD2001603_1254_2108_1800_SPRING_2,BCD2001603,43.9255,-66.2095,2001-05-16,2003-05-31,2.0,"[93, 4182]"
94,MTR_BCD2001603_1254_2120_3600_FALL_SPRING_1,BCD2001603,43.9573,-66.3057,2001-08-04,2004-05-30,4.0,"[94, 424, 2109, 3129]"
95,MTR_BCD2001603_1258_8345_3600_FALL_SPRING_1,BCD2001603,43.9333,-66.2333,2001-11-25,2009-05-30,7.0,"[95, 823, 1027, 2408, 2806, 3207, 3822]"
97,MTR_BCD2001603_1278_8316_3600_FALL_SPRING_1,BCD2001603,43.6475,-65.9137,2001-11-26,2008-05-28,11.0,"[97, 98, 888, 1317, 1432, 1722, 2158, 2594, 3256, 3858, 4199]"
99,MTR_BCD2001603_1226_4516_3600_SPRING_1,BCD2001603,45.712,-60.2277,2000-05-19,2008-07-24,9.0,"[99, 477, 790, 1092, 2139, 2203, 2655, 3657, 3738]"
100,MTR_BCD2001603_1236_8276_1800_SPRING_1,BCD2001603,44.5612,-66.0278,2000-11-27,2005-05-31,8.0,"[100, 1108, 1238, 1437, 2468, 2749, 3186, 3300]"
101,MTR_BCD2001603_1238_8254_3600_FALL_SPRING_5,BCD2001603,43.663,-66.0573,2000-11-28,2007-05-20,11.0,"[101, 1000, 1112, 1152, 1438, 2016, 2058, 2750, 3405, 3406, 3946]"
102,MTR_BCD2001603_1242_2121_3600_FALL_SPRING_4,BCD2001603,43.6535,-65.863,2000-11-27,2003-01-30,11.0,"[102, 105, 106, 432, 1109, 1291, 1586, 1931, 1932, 2768, 3930]"
103,MTR_BCD2001603_1242_2121_3600_FALL_SPRING_7,BCD2001603,43.5877,-65.863,2001-04-26,2002-04-28,3.0,"[103, 104, 1110]"
107,MTR_BCD2001603_1190_8269_1800_SPRING_1,BCD2001603,44.0822,-66.2525,1999-10-12,2005-04-06,11.0,"[107, 419, 1055, 1219, 1573, 1574, 1644, 2755, 3395, 3409, 3759]"
109,MTR_BCD2001603_1196_4515_3600_FALL_SPRING_2,BCD2001603,44.4737,-66.0713,2000-03-20,2008-05-30,6.0,"[109, 1113, 2449, 3935, 3949, 4012]"
110,MTR_BCD2001603_1198_8282_1800_SPRING_1,BCD2001603,44.375,-66.21,2000-11-28,2002-12-23,5.0,"[110, 724, 1100, 1221, 3192]"
111,MTR_BCD2001603_1218_4512_3600_SPRING_3,BCD2001603,46.1207,-59.6975,2000-05-15,2002-06-22,4.0,"[111, 437, 1302, 3393]"
114,MTR_BCD2001603_1174_2091_3600_FALL_SPRING_15,BCD2001603,43.1492,-65.9848,2002-05-13,2008-05-05,3.0,"[114, 1594, 2219]"
117,MTR_BCD2004603_1078_1425_3600_SPRING_1,BCD2004603,46.1692,-59.8027,2000-05-15,2005-07-15,10.0,"[117, 1129, 1347, 1468, 1469, 1593, 2025, 2781, 3580, 4052]"
118,MTR_BCD2004603_1122_8259_3600_SPRING_1,BCD2004603,47.0258,-60.5198,1999-05-17,2011-09-07,7.0,"[118, 696, 786, 872, 1888, 3324, 4235]"
120,MTR_BCD2004603_1354_4518_3600_SPRING_1,BCD2004603,46.0184,-60.7058,2003-05-15,2006-10-07,4.0,"[120, 1201, 1980, 4066]"
122,MTR_BCD2005603_1362_1674_3600_SPRING_1,BCD2005603,46.9167,-60.4333,2004-05-15,2007-11-07,4.0,"[122, 472, 2329, 4059]"
123,MTR_BCD2005603_1272_8270_3600_SPRING_1,BCD2005603,45.767,-60.8,2001-02-05,2005-06-26,5.0,"[123, 2761, 2786, 3571, 3973]"
124,MTR_BCD2005603_1212_8319_3600_SPRING_1,BCD2005603,45.5417,-60.9533,2005-10-05,2010-06-29,8.0,"[124, 449, 2448, 2580, 2788, 2818, 3060, 3448]"
125,MTR_BCD2004603_1082_8258_3600_SPRING_1,BCD2004603,45.3427,-61.0263,2004-04-29,2006-06-22,3.0,"[125, 549, 3530]"
126,MTR_BCD2005603_1048_8334_3600_SPRING_1,BCD2005603,45.2347,-61.1568,2003-04-29,2006-06-29,4.0,"[126, 2182, 3577, 4072]"
127,MTR_BCD2004603_1100_8341_3600_SPRING_1,BCD2004603,45.03,-61.8702,2001-04-20,2010-06-20,9.0,"[127, 173, 1138, 1550, 2357, 2510, 2810, 3346, 3917]"
129,MTR_BCD2005603_1080_7182_3600_SPRING_1,BCD2005603,45.0002,-61.9597,2001-04-22,2007-06-22,7.0,"[129, 1171, 1613, 2026, 2365, 3151, 3914]"
130,MTR_BCD2005603_1140_4521_3600_SPRING_1,BCD2005603,45.0201,-61.9425,2000-04-19,2010-06-20,12.0,"[130, 727, 839, 1135, 1342, 1663, 1889, 2177, 2811, 3017, 3321, 3462]"
131,MTR_BCD2005603_1206_8186_3600_SPRING_1,BCD2005603,44.9273,-62.0488,2003-04-20,2005-06-15,4.0,"[131, 452, 1136, 4091]"
132,MTR_BCD2005603_1206_8186_3600_SPRING_2,BCD2005603,44.9383,-62.0522,2004-04-18,2005-06-20,2.0,"[132, 1136]"
133,MTR_BCD2004603_1058_4509_3600_SPRING_14,BCD2004603,44.8667,-62.3333,2004-01-05,2006-06-20,13.0,"[133, 188, 457, 459, 460, 1515, 1516, 1518, 1618, 2851, 2853, 2859, 3058]"
134,MTR_BCD2005603_1030_1436_3600_SPRING_1,BCD2005603,44.7,-62.8167,2005-04-20,2008-06-20,7.0,"[134, 2087, 2129, 2382, 2705, 3592, 3597]"
135,MTR_BCD2005603_1110_2112_3600_SPRING_1,BCD2005603,44.8283,-62.5323,1999-04-20,2010-06-20,14.0,"[135, 175, 784, 972, 1077, 1086, 1528, 1668, 2516, 3437, 3536, 3596, 4284, 4328]"
141,MTR_BCD2007603_1338_3094_3600_FALL_9,BCD2007603,43.35,-65.75,2003-05-17,2008-05-30,11.0,"[141, 367, 1235, 1310, 1354, 2803, 2805, 2822, 2862, 2940, 3803]"
142,MTR_BCD2007603_1338_3094_3600_FALL_10,BCD2007603,43.3833,-65.7167,2005-01-03,2008-04-28,3.0,"[142, 1367, 3302]"
143,MTR_BCD2007603_1392_4627_3600_FALL_1,BCD2007603,44.455,-63.57,2007-03-05,2010-05-30,12.0,"[143, 761, 1007, 2531, 2646, 2863, 2932, 3285, 3480, 3602, 4149, 4241]"
144,MTR_BCD2001603_1022_8278_1800_SPRING_1,BCD2001603,44.3405,-64.2837,1999-01-05,2006-08-01,17.0,"[144, 547, 700, 909, 1153, 1451, 1479, 2019, 2368, 2902, 3004, 3097, 3381, 3622, 3780, 3926, 3987]"
145,MTR_BCD2001603_1038_2104_1800_SPRING_1,BCD2001603,43.4662,-65.675,1999-04-22,2007-05-30,18.0,"[145, 185, 251, 512, 682, 1031, 1052, 1372, 1487, 1620, 1999, 2124, 2154, 2362, 3006, 3828, 3927, 4103]"
146,MTR_BCD2001603_1042_8275_3600_SPRING_1,BCD2001603,44.7988,-62.6038,1999-04-19,2010-06-19,11.0,"[146, 966, 1801, 2181, 2377, 2812, 3386, 3459, 3501, 3534, 3576]"
147,MTR_BCD2001603_1074_4519_3600_SPRING_2,BCD2001603,46.1867,-59.8153,1999-05-19,2011-07-13,17.0,"[147, 516, 777, 1073, 1501, 1506, 1905, 2024, 2037, 2459, 2629, 3328, 3329, 3522, 3579, 3594, 3978]"
148,MTR_BCD2001603_1172_8174_1800_SPRING_3,BCD2001603,43.4455,-65.7572,2001-04-05,2003-01-02,5.0,"[148, 1694, 2776, 2867, 3740]"
149,MTR_BCD2005603_1338_9618_3600_FALL_1,BCD2005603,43.3333,-65.7,2004-10-12,2005-11-30,4.0,"[149, 1309, 1389, 1962]"
150,MTR_BCD2005603_1338_9618_3600_FALL_2,BCD2005603,43.3333,-65.7167,2004-05-12,2009-05-30,8.0,"[150, 368, 1030, 1388, 1673, 1961, 2233, 4226]"
152,MTR_BCD2005603_1338_9618_3600_FALL_21,BCD2005603,43.3667,-65.7333,2004-01-05,2007-05-27,10.0,"[152, 228, 340, 1014, 2804, 2823, 3212, 3814, 3960, 4269]"
153,MTR_BCD2005603_1338_9618_3600_FALL_22,BCD2005603,43.3667,-65.7,2004-04-26,2006-08-05,8.0,"[153, 166, 339, 531, 574, 1997, 3696, 3775]"
155,MTR_BCD2005603_1368_2098_3600_FALL_1,BCD2005603,44.5314,-64.1267,2002-10-12,2007-05-30,9.0,"[155, 298, 1477, 1793, 1798, 2040, 2530, 2714, 3231]"
156,MTR_BCD2005603_1372_9064_3600_FALL_2,BCD2005603,45.0233,-66.885,2005-03-12,2006-08-01,7.0,"[156, 1726, 1823, 2943, 2944, 3700, 4274]"
157,MTR_BCD2005603_1324_1445_3600_FALL_8,BCD2005603,44.5785,-63.4013,2002-12-16,2005-12-15,7.0,"[157, 990, 1176, 1817, 1864, 2948, 3125]"
164,MTR_BCD2005603_1284_1475_3600_FALL_3,BCD2005603,43.2117,-65.5817,2005-07-01,2006-12-12,5.0,"[164, 395, 481, 2938, 3683]"
171,MTR_BCD2005603_1402_2105_3600_FALL_1,BCD2005603,43.3907,-65.499,1999-11-29,2005-12-18,4.0,"[171, 372, 1263, 3512]"
174,MTR_BCD2006603_1104_2100_3600_SPRING_1,BCD2006603,43.2917,-65.895,2000-03-27,2006-05-31,5.0,"[174, 542, 1407, 1473, 4281]"
176,MTR_BCD2006603_1128_1437_3600_SPRING_1,BCD2006603,43.75,-64.9083,2003-10-12,2008-05-14,4.0,"[176, 1857, 2549, 3581]"
177,MTR_BCD2006603_1132_4621_3600_SPRING_1,BCD2006603,46.2798,-60.2297,2004-08-06,2007-11-07,5.0,"[177, 849, 1124, 2785, 2816]"
178,MTR_BCD2006603_1158_3094_3600_SPRING_1,BCD2006603,43.4723,-65.3813,2003-11-23,2006-04-17,7.0,"[178, 1035, 2974, 3086, 3413, 3852, 3866]"
179,MTR_BCD2006603_1160_1457_3600_SPRING_2,BCD2006603,43.3917,-65.8333,2000-01-12,2006-05-17,4.0,"[179, 348, 2161, 3931]"
183,MTR_BCD2006603_1098_3112_3600_SPRING_1,BCD2006603,44.8,-62.655,2005-04-19,2007-06-22,5.0,"[183, 461, 850, 3704, 3798]"
184,MTR_BCD2006603_1000_3115_3600_SPRING_1,BCD2006603,44.335,-64.2483,1999-01-05,2007-05-30,14.0,"[184, 699, 756, 1039, 1264, 1411, 1534, 1536, 1692, 2797, 2934, 3589, 4307, 4342]"
187,MTR_BCD2006603_1052_1512_3600_SPRING_3,BCD2006603,44.415,-64.297,1999-04-24,2010-05-31,21.0,"[187, 292, 513, 695, 776, 812, 837, 956, 1091, 2001, 2270, 2363, 2364, 2904, 3082, 3250, 3415, 3625, 3763, 4100, 4287]"
189,MTR_BCD2006603_1060_4522_3600_SPRING_1,BCD2006603,43.375,-65.705,2005-07-12,2006-11-01,4.0,"[189, 2283, 3083, 3781]"
190,MTR_BCD2006603_1068_7189_3600_SPRING_1,BCD2006603,44.5117,-64.24,1999-03-12,2007-04-01,7.0,"[190, 1653, 1762, 2023, 3326, 4033, 4179]"
193,MTR_BCD2005603_1454_8336_3600_FALL_19,BCD2005603,43.25,-65.9667,2003-11-27,2006-12-04,2.0,"[193, 1715]"
197,MTR_BCD2006603_1414_8354_3600_SPRING_3,BCD2006603,44.8723,-62.323,2005-04-19,2007-06-22,6.0,"[197, 856, 2859, 3058, 4019, 4081]"
198,MTR_BCD2006603_1448_1442_3600_SPRING_1,BCD2006603,43.9567,-64.6667,2005-11-28,2007-05-30,5.0,"[198, 540, 1927, 2533, 3608]"
205,MTR_BCD2006603_1332_8172_3600_SPRING_2,BCD2006603,43.1167,-65.95,2003-09-12,2006-05-05,5.0,"[205, 623, 1236, 3742, 3757]"
210,MTR_BCD2006603_1212_8178_3600_SPRING_1,BCD2006603,45.5227,-60.959,2000-10-05,2008-06-30,17.0,"[210, 239, 435, 676, 716, 1297, 1299, 1301, 1427, 2387, 3135, 3136, 3411, 3939, 3954, 4092, 4154]"
213,MTR_BCD2006603_1294_3110_3600_SPRING_1,BCD2006603,45.171,-61.3483,2002-04-19,2006-06-20,3.0,"[213, 3105, 4000]"
214,MTR_BCD2006603_1308_1416_3600_SPRING_5,BCD2006603,44.571,-63.4745,2004-02-12,2010-05-31,13.0,"[214, 272, 1679, 1758, 2083, 2120, 2265, 2421, 2496, 2603, 2612, 2923, 4213]"
216,MTR_BCD2005603_1092_9051_3600_FALL_3,BCD2005603,43.8782,-64.7663,1999-11-29,2010-05-31,47.0,"[216, 217, 357, 405, 406, 603, 604, 612, 688, 782, 913, 1036, 1037, 1324, 1379, 1453, 1471, 1472, 1699, 2003, 2027, 2065, 2105, 2214, 2215, 2240, 2381, 2418, 2475, 2509, 2601, 2672, 2674, 2796, 2798, 2799, 2848, 3015, 3094, 3225, 3251, 3252, 3436, 3831, 4101, 4138, 4335]"
218,MTR_BCD2005603_1092_9051_3600_FALL_6,BCD2005603,43.8667,-64.7667,2004-09-05,2008-12-05,7.0,"[218, 1242, 2215, 2380, 2794, 3224, 4139]"
224,MTR_BCD2006603_1332_8882_3600_FALL_31,BCD2006603,43.0667,-66.0,2004-12-30,2007-05-31,2.0,"[224, 1965]"
225,MTR_BCD2006603_1334_8891_3600_FALL_1,BCD2006603,43.5841,-66.4344,2004-01-12,2007-05-30,8.0,"[225, 811, 1229, 1231, 1233, 1957, 3209, 3753]"
231,MTR_BCD2007603_1498_6517_3600_SPRING_1,BCD2007603,45.6117,-60.5605,2006-05-22,2008-07-21,3.0,"[231, 2711, 3031]"
232,MTR_BCD2007603_1517_7643_3600_SPRING_1,BCD2007603,45.2035,-61.1125,1999-04-29,2010-06-30,11.0,"[232, 846, 862, 947, 1268, 2308, 3037, 3502, 3795, 4136, 4251]"
238,MTR_BCD2007603_1488_2126_3600_SPRING_1,BCD2007603,45.7667,-60.1167,2007-05-18,2008-07-16,3.0,"[238, 2397, 2654]"
240,MTR_BCD2006603_1336_3113_3600_FALL_18,BCD2006603,43.6078,-66.048,2003-05-24,2007-05-05,3.0,"[240, 3127, 3801]"
241,MTR_BCD2006603_1336_3113_3600_FALL_24,BCD2006603,43.5925,-66.0813,2007-05-25,2008-07-04,3.0,"[241, 2428, 3265]"
243,MTR_BCD2006603_1340_3108_3600_FALL_2,BCD2006603,43.3167,-65.9,1999-04-26,2006-01-12,4.0,"[243, 971, 1568, 1953]"
244,MTR_BCD2006603_1340_3108_3600_FALL_3,BCD2006603,43.3167,-65.8833,2004-06-12,2007-05-30,4.0,"[244, 1569, 3045, 3166]"
246,MTR_BCD2006603_1422_1457_3600_FALL_1,BCD2006603,44.2633,-66.138,2006-11-27,2009-05-29,8.0,"[246, 2072, 2253, 2257, 2648, 2741, 2918, 3492]"
250,MTR_BCD2006603_1510_3107_3600_FALL_10,BCD2006603,43.422,-65.7117,1999-04-21,2010-05-29,17.0,"[250, 484, 514, 831, 860, 1916, 1917, 2403, 2404, 2545, 2579, 3098, 3497, 3886, 3887, 3889, 4316]"
252,MTR_BCD2007603_1196_8319_3600_SPRING_1,BCD2007603,44.4705,-66.0888,2002-04-24,2010-05-28,15.0,"[252, 1006, 1375, 1645, 1967, 2386, 2407, 2441, 2492, 2771, 2880, 2912, 3427, 3464, 4165]"
255,MTR_BCD2006603_1162_4506_3600_FALL_8,BCD2006603,43.46,-65.7833,2000-11-27,2007-05-30,6.0,"[255, 347, 488, 2406, 3755, 4324]"
257,MTR_BCD2006603_1202_3109_3600_FALL_1,BCD2006603,43.7167,-66.2275,2000-11-29,2007-05-31,3.0,"[257, 1114, 3937]"
258,MTR_BCD2006603_1252_3106_3600_FALL_1,BCD2006603,43.3437,-65.7986,2005-11-29,2006-12-15,5.0,"[258, 2157, 2727, 2836, 3695]"
260,MTR_BCD2006603_1324_1445_3600_SPRING_2,BCD2006603,44.5683,-63.4615,2002-11-24,2010-05-31,28.0,"[260, 272, 281, 403, 566, 578, 652, 799, 800, 917, 1385, 1677, 1758, 1925, 2095, 2265, 2413, 2421, 2496, 2529, 2603, 2923, 2924, 2931, 2991, 3081, 3107, 4028]"
261,MTR_BCD2006603_1324_1445_3600_SPRING_3,BCD2006603,44.5687,-63.4453,2003-04-29,2010-05-30,33.0,"[261, 281, 314, 498, 565, 747, 748, 800, 1079, 1627, 1628, 1750, 1759, 2098, 2373, 2394, 2413, 2528, 2539, 2540, 2577, 2632, 2718, 2924, 2931, 2991, 3236, 3366, 3558, 3724, 3983, 4027, 4168]"
263,MTR_BCD2006603_1406_1419_3600_FALL_1,BCD2006603,44.6,-64.0167,2004-11-30,2007-05-30,7.0,"[263, 402, 536, 1776, 2100, 2195, 3604]"
264,MTR_BCD2006603_1418_9057_3600_FALL_4,BCD2006603,43.4028,-65.4033,2005-11-30,2007-05-31,3.0,"[264, 2953, 3184]"
267,MTR_BCD2007603_1092_3104_3600_FALL_10,BCD2007603,43.8828,-64.75,2004-10-04,2008-05-17,9.0,"[267, 604, 779, 781, 1157, 1379, 2675, 2799, 3016]"
268,MTR_BCD2007603_1130_8173_3600_FALL_1,BCD2007603,43.731,-64.9047,2004-11-30,2008-01-27,3.0,"[268, 2685, 3600]"
269,MTR_BCD2007603_1174_3111_3600_FALL_1,BCD2007603,43.2122,-65.8782,2007-02-12,2008-03-19,4.0,"[269, 306, 2911, 4253]"
271,MTR_BCD2007603_1200_3103_3600_FALL_1,BCD2007603,44.4547,-63.6453,1999-11-29,2008-10-31,17.0,"[271, 290, 714, 864, 1211, 1244, 1442, 1577, 1860, 2221, 2512, 2513, 2876, 3824, 4022, 4090, 4310]"
273,MTR_BCD2007603_1308_9051_3600_FALL_6,BCD2007603,44.5713,-63.5032,2003-05-16,2007-06-12,6.0,"[273, 1998, 2730, 3652, 4035, 4036]"
276,MTR_BCD2007603_1448_8178_3600_FALL_2,BCD2007603,43.9545,-64.7027,2003-11-28,2008-01-27,5.0,"[276, 1797, 2075, 2554, 3583]"
277,MTR_BCD2007603_1460_7186_3600_FALL_1,BCD2007603,43.3,-65.8167,2005-11-28,2008-01-31,3.0,"[277, 2169, 4255]"
278,MTR_BCD2007603_1464_9053_3600_FALL_2,BCD2007603,43.6762,-66.3603,2002-03-13,2008-04-01,2.0,"[278, 3952]"
282,MTR_BCD2007603_1324_4506_3600_FALL_9,BCD2007603,44.555,-63.4488,2002-11-24,2007-12-21,10.0,"[282, 621, 747, 1179, 1750, 3107, 3336, 3338, 4026, 4027]"
283,MTR_BCD2007603_1328_1446_3600_FALL_5,BCD2007603,43.3767,-66.1883,2006-11-27,2007-12-19,3.0,"[283, 2401, 2926]"
284,MTR_BCD2007603_1474_7179_3600_SPRING_1,BCD2007603,44.7167,-62.8167,2006-04-21,2007-06-22,3.0,"[284, 3062, 3238]"
285,MTR_BCD2006603_1508_9065_3600_FALL_2,BCD2006603,43.6652,-65.2278,2004-11-30,2007-10-02,8.0,"[285, 356, 755, 763, 2524, 2534, 2535, 2671]"
286,MTR_BCD2006603_1508_9065_3600_FALL_6,BCD2006603,43.654,-65.2213,2006-07-12,2009-01-16,10.0,"[286, 763, 770, 2534, 2535, 2591, 2619, 2657, 3185, 4020]"
287,MTR_BCD2007603_1116_4101_3600_SPRING_1,BCD2007603,43.6703,-65.1592,2003-04-25,2009-01-21,9.0,"[287, 293, 505, 1529, 2437, 2438, 2607, 3721, 4141]"
288,MTR_BCD2007603_1310_9602_3600_SPRING_1,BCD2007603,44.4833,-63.85,2004-11-30,2010-06-01,18.0,"[170, 288, 318, 499, 509, 825, 1774, 2099, 2206, 2444, 2498, 2952, 3043, 3358, 3420, 3424, 3428, 3603]"
289,MTR_BCD2006603_1158_4512_3600_FALL_6,BCD2006603,43.4728,-65.4087,1999-11-29,2007-07-02,14.0,"[289, 384, 915, 1173, 1206, 1344, 1655, 1665, 2957, 3199, 3281, 3555, 3981, 4195]"
294,MTR_BCD2006603_1128_3762_3600_FALL_1,BCD2006603,43.815,-64.93,2006-11-27,2010-05-30,3.0,"[294, 2624, 3599]"
295,MTR_BCD2006603_1144_3098_3600_FALL_1,BCD2006603,44.4517,-63.675,1999-03-05,2007-05-29,5.0,"[295, 1265, 2018, 3096, 3783]"
296,MTR_BCD2006603_1308_4620_3600_FALL_8,BCD2006603,44.5957,-63.4682,2003-05-17,2008-05-30,13.0,"[296, 757, 797, 1198, 2204, 2389, 2537, 2929, 3282, 3367, 4002, 4037, 4158]"
297,MTR_BCD2006603_1308_4620_3600_FALL_9,BCD2006603,44.5792,-63.4682,2004-03-05,2008-06-05,29.0,"[297, 403, 758, 799, 916, 1476, 1678, 1679, 1758, 1861, 2096, 2199, 2226, 2265, 2393, 2421, 2515, 2529, 2578, 2923, 3022, 3023, 3072, 3334, 3566, 3720, 3909, 3982, 4159]"
302,MTR_BCD2008603_1046_2094_3600_SPRING_2,BCD2008603,43.7018,-65.2168,2000-11-29,2010-05-31,14.0,"[79, 302, 330, 775, 2211, 2212, 2348, 2378, 2847, 3486, 3570, 3582, 3906, 4249]"
303,MTR_BCD2008603_1068_3091_3600_SPRING_1,BCD2008603,44.5,-64.2333,2003-11-22,2010-06-01,6.0,"[303, 331, 2064, 2507, 3426, 3550]"
305,MTR_BCD2008603_1174_3111_3600_SPRING_1,BCD2008603,43.2068,-65.8682,2007-02-12,2009-05-29,4.0,"[305, 822, 2385, 2911]"
309,MTR_BCD2008603_1210_4614_3600_SPRING_1,BCD2008603,45.3,-60.9467,2005-05-18,2008-06-28,2.0,"[309, 4073]"
310,MTR_BCD2008603_1216_3382_3600_SPRING_1,BCD2008603,45.6,-60.5167,2000-05-23,2008-07-22,8.0,"[310, 436, 1132, 1909, 1940, 3399, 4071, 4093]"
313,MTR_BCD2008603_1442_3374_3600_SPRING_1,BCD2008603,45.5667,-60.6787,2005-05-20,2010-07-19,6.0,"[313, 857, 1736, 2499, 3163, 3529]"
315,MTR_BCD2008603_1330_3101_3600_SPRING_1,BCD2008603,43.4128,-65.7128,2006-11-30,2010-05-29,7.0,"[315, 831, 860, 1917, 2545, 2579, 3886]"
317,MTR_BCD2008603_1380_8902_3600_SPRING_1,BCD2008603,46.0498,-59.8935,2005-05-25,2008-07-17,4.0,"[317, 1511, 1907, 3235]"
320,MTR_BCD2008603_1470_6523_3600_SPRING_1,BCD2008603,44.9167,-62.15,2006-04-19,2010-06-19,3.0,"[320, 844, 2191]"
322,MTR_BCD2008603_1501_1466_3600_SPRING_10,BCD2008603,44.9653,-65.2612,2006-10-14,2008-06-22,4.0,"[322, 501, 3034, 3246]"
324,MTR_BCD2008603_1518_3384_3600_SPRING_1,BCD2008603,45.6185,-60.8743,2007-05-16,2008-06-30,5.0,"[324, 476, 804, 3465, 3610]"
325,MTR_BCD2008603_1532_3113_3600_SPRING_1,BCD2008603,46.0717,-59.8373,1999-05-15,2011-07-14,11.0,"[325, 1603, 1608, 2352, 2994, 3101, 3244, 3847, 4095, 4096, 4337]"
327,MTR_BCD2007603_1312_4631_3600_SPRING,BCD2007603,44.309,-64.2535,2002-11-26,2010-05-31,19.0,"[327, 334, 397, 653, 767, 815, 901, 939, 1016, 1164, 1165, 1814, 2222, 2279, 2470, 2526, 3505, 4015, 4117]"
328,MTR_BCD2007603_1316_6519_3600_FALL,BCD2007603,44.5321,-64.0316,2002-11-12,2008-11-03,7.0,"[328, 798, 1274, 1559, 2186, 3274, 3985]"
329,MTR_BCD2007603_1320_7181_3600_FALL,BCD2007603,43.4797,-65.446,2002-11-28,2010-05-26,13.0,"[329, 739, 745, 1560, 1795, 2207, 2480, 2538, 2946, 2989, 3026, 4016, 4167]"
332,MTR_BCD2009603_1322_1437_3600_FALL,BCD2009603,44.2529,-64.2977,2004-11-30,2010-05-31,13.0,"[332, 642, 746, 768, 1676, 1816, 2225, 2471, 3284, 3473, 4018, 4225, 4238]"
336,MTR_BCD2008603_1384_3648_3600_FALL,BCD2008603,44.2333,-64.3567,2003-11-24,2009-01-20,6.0,"[336, 1681, 2164, 2542, 2966, 2972]"
338,MTR_BCD2008603_1436_6524_3600_FALL,BCD2008603,44.1833,-66.25,2000-11-28,2009-05-28,5.0,"[338, 2446, 2756, 3879, 4006]"
343,MTR_BCD2003603_1336_9068_3600_FALL_12,BCD2003603,43.5712,-66.0555,2004-03-27,2007-02-05,5.0,"[343, 1318, 2151, 2890, 3564]"
350,MTR_BCD2004603_1172_8901_3600_SPRING_1,BCD2004603,43.4287,-65.6662,2000-03-05,2005-04-06,6.0,"[350, 1332, 1641, 1695, 2689, 4205]"
353,MTR_BCD2004603_1234_1440_3600_FALL_7,BCD2004603,43.6227,-66.2215,2001-01-05,2005-04-15,11.0,"[353, 1303, 1316, 2467, 2765, 2766, 3145, 3299, 3404, 4187, 4188]"
355,MTR_BCD2005603_1026_7175_3600_SPRING_1,BCD2005603,43.8833,-64.8,2004-06-12,2006-05-31,5.0,"[355, 579, 602, 1154, 1834]"
358,MTR_BCD2005603_1128_8885_3600_SPRING_1,BCD2005603,43.8032,-64.9242,2001-04-13,2010-05-30,8.0,"[358, 1588, 1764, 2624, 2774, 2875, 3196, 4021]"
359,MTR_BCD2005603_1276_2100_3600_SPRING_1,BCD2005603,43.9745,-64.6923,2001-07-12,2010-05-27,17.0,"[359, 732, 885, 941, 1175, 1292, 1821, 2325, 2335, 2469, 2687, 2762, 2928, 3268, 3401, 3807, 3942]"
360,MTR_BCD2005603_1304_7182_3600_SPRING_1,BCD2005603,44.4703,-63.6,2000-01-04,2005-06-20,2.0,"[360, 3382]"
362,MTR_BCD2005603_1420_1472_3600_SPRING_1,BCD2005603,43.3875,-65.55,2004-01-12,2005-04-06,2.0,"[362, 1078]"
363,MTR_BCD2005603_1424_1455_3600_SPRING_1,BCD2005603,44.2167,-66.2138,1999-12-15,2010-05-29,8.0,"[363, 1449, 1970, 2258, 2481, 3167, 3483, 3605]"
364,MTR_BCD2005603_1334_1437_3600_SPRING_10,BCD2005603,43.5549,-66.0349,2005-04-19,2007-12-05,5.0,"[364, 1919, 2152, 3812, 3823]"
369,MTR_BCD2005603_1230_8898_3600_SPRING_1,BCD2005603,43.7733,-66.2283,2000-11-27,2009-05-30,11.0,"[369, 863, 2209, 2345, 2764, 2881, 3218, 3340, 3387, 3944, 4260]"
370,MTR_BCD2005603_1252_9065_3600_SPRING_2,BCD2005603,43.3517,-65.7917,2005-03-28,2006-05-31,3.0,"[370, 2727, 3695]"
373,MTR_99603_1168_8173_1800_FALL_1,99603,43.4317,-65.8,1999-11-29,2001-09-04,4.0,"[373, 1656, 1657, 3311]"
374,MTR_99603_1178_8309_1800_FALL_4,99603,43.4385,-65.4705,1999-12-16,2008-05-31,4.0,"[374, 1461, 2231, 4303]"
376,MTR_99603_1188_8330_1800_FALL_1,99603,43.8002,-66.2175,1999-11-29,2005-05-30,4.0,"[376, 1966, 3298, 3758]"
379,MTR_99603_1092_8269_1800_FALL_2,99603,43.8777,-64.7825,1999-04-25,2007-12-23,8.0,"[379, 1036, 1699, 2241, 3225, 3673, 3832, 4308]"
380,MTR_99603_1118_8351_1800_FALL_1,99603,43.6542,-65.2408,1999-04-30,2004-05-21,5.0,"[380, 1155, 1555, 3829, 4345]"
385,MTR_BCD2000603_1162_8320_1800_FALL_6,BCD2000603,43.4455,-65.798,1999-11-30,2006-05-29,5.0,"[385, 1456, 1656, 2178, 3708]"
388,MTR_BCD2000603_1176_2093_1800_FALL_2,BCD2000603,43.3907,-65.9503,1999-12-22,2001-04-12,4.0,"[388, 423, 1066, 4302]"
389,MTR_BCD2000603_1126_8175_1800_FALL_3,BCD2000603,43.6833,-65.0917,1999-11-29,2004-05-30,7.0,"[389, 880, 1061, 2683, 2874, 3553, 4309]"
390,MTR_BCD2000603_1134_2130_1800_SPRING_3,BCD2000603,46.7693,-60.3212,2000-05-16,2011-07-13,16.0,"[390, 440, 471, 674, 1022, 1339, 1507, 1605, 2383, 2460, 2996, 3439, 3601, 4042, 4085, 4285]"
394,MTR_BCD2000603_1104_8179_1800_FALL_1,BCD2000603,43.3017,-65.8905,2000-03-12,2005-12-01,8.0,"[394, 933, 962, 1407, 1473, 1802, 3213, 3818]"
398,MTR_BCD2005603_1376_7189_3600_SPRING_1,BCD2005603,44.1047,-64.5278,2004-11-30,2010-05-31,6.0,"[398, 534, 824, 3446, 3633, 3634]"
399,MTR_BCD2005603_1392_1442_3600_SPRING_2,BCD2005603,44.4367,-63.617,1999-04-30,2005-05-14,2.0,"[399, 689]"
404,MTR_BCD2001603_1086_4523_3600_SPRING_2,BCD2001603,45.5887,-60.9052,2000-05-31,2003-06-28,7.0,"[404, 1349, 1470, 1480, 1788, 3670, 3915]"
409,MTR_BCD2001603_1006_8334_3600_SPRING_1,BCD2001603,46.2288,-59.9753,1999-05-17,2003-07-15,5.0,"[409, 964, 3573, 3925, 4102]"
410,MTR_BCD2000603_1034_2129_1800_SPRING_1,BCD2000603,46.5258,-60.4045,1999-05-15,2007-12-07,9.0,"[410, 694, 2814, 2903, 3520, 3664, 4062, 4177, 4248]"
411,MTR_BCD2000603_1066_2098_1800_FALL_1,BCD2000603,43.925,-64.785,1999-11-29,2004-05-30,9.0,"[411, 1060, 1854, 2104, 3549, 3627, 3669, 3827, 3846]"
413,MTR_BCD2000603_1252_2086_1800_FALL_10,BCD2000603,43.352,-65.8185,2000-12-16,2010-05-29,10.0,"[413, 809, 814, 840, 1364, 2059, 2836, 2914, 3488, 3933]"
414,MTR_BCD2000603_1252_2086_1800_FALL_14,BCD2000603,43.217,-66.0938,2001-08-01,2004-06-05,8.0,"[414, 607, 889, 1210, 2679, 3860, 3861, 3996]"
416,MTR_BCD2000603_1178_8309_1800_SPRING_1,BCD2000603,43.4473,-65.5102,1999-11-29,2007-02-04,14.0,"[416, 422, 1098, 1120, 1321, 1420, 1448, 1464, 2744, 2753, 3169, 3305, 3315, 3316]"
418,MTR_BCD2000603_1182_8269_1800_FALL_1,BCD2000603,43.6862,-65.861,1999-11-29,2013-09-10,27.0,"[418, 491, 492, 493, 866, 1356, 1393, 1421, 1447, 1921, 2565, 2609, 2659, 3049, 3217, 3240, 3296, 3297, 3306, 3394, 3819, 3869, 3898, 4222, 4224, 4348, 4350]"
421,MTR_BCD2000603_1204_0006_1800_SPRING_1,BCD2000603,44.6067,-63.2763,2000-04-19,2004-06-17,3.0,"[421, 2773, 3537]"
426,MTR_BCD2001603_1256_4505_3600_FALL_SPRING_1,BCD2001603,43.6927,-66.139,2000-12-16,2002-05-29,2.0,"[426, 3392]"
430,MTR_BCD2001603_1238_8267_1800_SPRING_2,BCD2001603,43.6673,-66.0722,2001-03-20,2008-03-31,6.0,"[430, 1187, 1876, 2980, 3147, 4003]"
439,MTR_BCD2001603_1126_8278_3600_FALL_SPRING_11,BCD2001603,43.67,-65.0983,2000-04-05,2003-11-28,6.0,"[439, 613, 1068, 1660, 3839, 3920]"
441,MTR_BCD2001603_1156_2108_3600_FALL_1,BCD2001603,43.4633,-65.4272,2001-11-29,2007-10-01,4.0,"[441, 762, 2649, 2844]"
443,MTR_BCD2001603_1160_2120_1800_SPRING_2,BCD2001603,43.4343,-65.7667,2000-04-12,2007-09-05,9.0,"[443, 1345, 1498, 1591, 1703, 2155, 3511, 3844, 4050]"
445,MTR_BCD2001603_1174_2091_3600_FALL_SPRING_11,BCD2001603,43.1833,-65.9667,2002-04-30,2004-05-26,2.0,"[445, 1719]"
447,MTR_BCD2001603_1174_2091_3600_FALL_SPRING_18,BCD2001603,43.2767,-65.7593,2002-05-24,2007-11-05,3.0,"[447, 2014, 4190]"
448,MTR_BCD2005603_1014_1458_3600_SPRING_1,BCD2005603,46.6195,-60.3457,2000-05-15,2010-07-13,11.0,"[448, 645, 679, 1537, 2132, 2360, 2640, 2961, 3380, 4135, 4341]"
450,MTR_BCD2005603_1226_3093_3600_SPRING_1,BCD2005603,45.7125,-60.1922,2004-05-19,2005-07-22,2.0,"[450, 1610]"
451,MTR_BCD2004603_1032_8172_3600_SPRING_1,BCD2004603,45.2115,-61.199,1999-05-14,2004-06-18,6.0,"[451, 511, 1852, 2030, 3663, 4344]"
462,MTR_BCD2005603_1390_1419_3600_SPRING_1,BCD2005603,44.6867,-62.8563,2004-04-18,2008-06-19,6.0,"[462, 1746, 2443, 2521, 2856, 3357]"
465,MTR_BCD2007603_1334_9057_3600_FALL_19,BCD2007603,43.5942,-66.0045,2006-03-24,2008-05-21,2.0,"[465, 2724]"
469,MTR_BCD2007603_1516_9056_3600_SPRING_1,BCD2007603,45.0237,-61.8945,2007-04-24,2008-06-20,3.0,"[469, 3365, 3609]"
475,MTR_BCD2007603_1514_6527_3600_SPRING_1,BCD2007603,45.5187,-61.1495,2007-05-18,2008-06-30,3.0,"[475, 861, 2588]"
479,MTR_BCD2006603_1336_3113_3600_FALL_22,BCD2006603,43.6173,-66.0495,2003-05-24,2007-05-14,4.0,"[479, 3127, 3800, 3801]"
480,MTR_BCD2006603_1336_3113_3600_FALL_25,BCD2006603,43.5922,-66.0633,2007-02-04,2008-04-28,6.0,"[480, 737, 2011, 2829, 3802, 4004]"
482,MTR_BCD2006603_1464_7183_3600_FALL_1,BCD2006603,43.4987,-66.4657,2006-03-12,2007-05-30,2.0,"[482, 2555]"
483,MTR_BCD2006603_1506_8899_3600_FALL_1,BCD2006603,43.4181,-65.5522,2006-01-03,2007-04-14,4.0,"[483, 555, 1827, 2557]"
489,MTR_BCD2006603_1174_3088_3600_FALL_3,BCD2006603,43.1418,-65.9063,2004-03-15,2006-10-04,3.0,"[489, 533, 1708]"
490,MTR_BCD2006603_1174_3088_3600_FALL_4,BCD2006603,43.145,-65.8933,2005-01-12,2006-12-22,3.0,"[490, 532, 3895]"
496,MTR_BCD2006603_1328_1421_3600_FALL_19,BCD2006603,43.3958,-66.1772,2004-05-22,2007-02-05,2.0,"[496, 2699]"
504,MTR_BCD2007603_1092_3104_3600_FALL_6,BCD2007603,43.8998,-64.765,2004-01-12,2008-04-30,7.0,"[504, 780, 2673, 2676, 2795, 3416, 3854]"
507,MTR_BCD2007603_1174_3111_3600_FALL_4,BCD2007603,43.2017,-65.88,2007-07-12,2009-05-29,5.0,"[306, 507, 822, 1146, 3254]"
508,MTR_BCD2007603_1376_6516_3600_FALL_1,BCD2007603,44.0957,-64.5323,2003-12-21,2009-01-20,6.0,"[508, 824, 1183, 3233, 3634, 4148]"
515,MTR_BCD2001603_1070_4520_3600_SPRING_1,BCD2001603,46.1963,-59.8428,1999-05-15,2001-10-07,3.0,"[515, 2035, 3327]"
520,MTR_BCD2005603_1338_9618_3600_FALL_6,BCD2005603,43.2833,-65.6,2002-08-04,2005-07-12,4.0,"[520, 706, 1005, 1217]"
521,MTR_BCD2005603_1338_9618_3600_FALL_23,BCD2005603,43.35,-65.7,2004-04-24,2008-12-05,4.0,"[521, 1898, 1952, 2861]"
522,MTR_BCD2005603_1348_1423_3600_FALL_1,BCD2005603,43.5267,-65.7617,2002-11-29,2010-05-29,6.0,"[522, 662, 1687, 2605, 3046, 4227]"
523,MTR_BCD2005603_1316_9062_3600_FALL_1,BCD2005603,44.5318,-64.015,2003-05-28,2010-10-03,14.0,"[523, 640, 902, 1207, 2186, 2230, 2370, 2597, 2604, 2930, 3442, 3490, 3655, 4331]"
524,MTR_BCD2005603_1324_1445_3600_FALL_7,BCD2005603,44.5668,-63.3982,2003-11-23,2005-12-12,3.0,"[524, 2968, 3569]"
543,MTR_BCD2006603_1158_3094_3600_SPRING_3,BCD2006603,43.4878,-65.4267,2004-05-24,2012-10-24,3.0,"[543, 618, 3616]"
545,MTR_BCD2006603_1200_9057_3600_SPRING_1,BCD2006603,44.4417,-63.65,2003-04-29,2006-05-29,2.0,"[545, 1170]"
552,MTR_BCD2005603_1454_8336_3600_FALL_21,BCD2005603,43.2333,-65.9667,2004-10-12,2006-10-04,6.0,"[552, 984, 2171, 3051, 3052, 3053]"
553,MTR_BCD2006603_1412_3097_3600_SPRING_4,BCD2006603,44.809,-62.5367,2005-04-19,2008-06-20,7.0,"[553, 1519, 1973, 2522, 2647, 3765, 4150]"
556,MTR_BCD2006603_1476_3102_3600_SPRING_1,BCD2006603,45.0693,-61.8087,2006-04-19,2008-06-20,2.0,"[556, 2586]"
563,MTR_BCD2006603_1402_2105_3600_SPRING_4,BCD2006603,43.3518,-65.5297,2001-06-12,2006-05-24,5.0,"[563, 722, 1984, 3517, 3519]"
571,MTR_BCD2006603_1224_4618_3600_SPRING_10,BCD2006603,45.5707,-60.7813,2006-03-07,2007-05-28,6.0,"[571, 1755, 1908, 1991, 2201, 3771]"
576,MTR_BCD2005603_1308_1416_3600_FALL_4,BCD2005603,44.5827,-63.5055,2003-05-16,2007-04-27,7.0,"[576, 577, 1196, 1246, 1247, 2527, 3652]"
581,MTR_BCD2005603_1090_8316_3600_FALL_2,BCD2005603,43.7,-65.1167,1999-03-12,2006-05-28,9.0,"[393, 581, 1075, 1731, 3010, 3319, 3368, 3830, 3838]"
582,MTR_BCD2006603_1332_8882_3600_FALL_8,BCD2006603,43.15,-66.3833,2002-05-12,2006-12-18,3.0,"[582, 1280, 4125]"
584,MTR_BCD2006603_1332_8882_3600_FALL_29,BCD2006603,43.2,-66.2,2004-11-30,2007-05-18,3.0,"[584, 1394, 3751]"
585,MTR_BCD2006603_1332_8882_3600_FALL_30,BCD2006603,43.1167,-66.0833,2003-12-17,2007-05-23,2.0,"[585, 4198]"
592,MTR_BCD2006603_1336_3113_3600_FALL_17,BCD2006603,43.5702,-66.0747,2004-03-29,2008-07-05,4.0,"[592, 1918, 2429, 3564]"
594,MTR_BCD2007603_1340_3108_3600_SPRING_6,BCD2007603,43.3,-65.7167,2005-02-05,2007-05-30,4.0,"[594, 1899, 2301, 4219]"
601,MTR_BCD2004603_1024_9066_3600_SPRING_1,BCD2004603,44.4667,-63.5833,1999-04-29,2010-05-31,19.0,"[601, 693, 819, 835, 922, 1538, 1785, 1833, 2021, 2062, 2092, 2506, 2642, 2864, 3382, 3762, 3825, 3826, 4306]"
610,MTR_BCD2003603_1160_9060_3600_FALL_2,BCD2003603,43.3807,-65.8362,2004-02-01,2005-03-28,6.0,"[610, 3214, 3215, 3749, 3821, 4221]"
614,MTR_BCD2004603_1308_7181_3600_FALL_14,BCD2004603,44.5613,-63.477,2004-05-05,2009-03-01,9.0,"[272, 614, 652, 759, 2082, 2083, 2612, 2877, 4118]"
615,MTR_BCD2004603_1124_8354_3600_SPRING_1,BCD2004603,43.6,-65.3117,2001-11-26,2004-05-30,5.0,"[615, 673, 1533, 2873, 4338]"
616,MTR_BCD2004603_1142_8176_3600_FALL_1,BCD2004603,44.5981,-63.5505,1999-11-29,2010-05-30,22.0,"[616, 675, 788, 821, 883, 1494, 1654, 1706, 1831, 1859, 1948, 2419, 2472, 2626, 2645, 3085, 3745, 3842, 4044, 4045, 4212, 4322]"
619,MTR_BCD2004603_1158_8883_3600_FALL_3,BCD2004603,43.4673,-65.3988,1999-11-29,2006-12-28,17.0,"[384, 619, 764, 915, 1173, 1206, 1381, 1655, 1665, 2118, 2957, 3199, 3510, 3866, 3981, 4047, 4195]"
620,MTR_BCD2004603_1308_7181_3600_FALL_5,BCD2004603,44.5675,-63.4908,2003-05-24,2009-03-01,10.0,"[620, 1808, 1998, 2083, 2120, 2612, 3080, 4035, 4036, 4213]"
622,MTR_BCD2003603_1174_8893_3600_FALL_1,BCD2003603,43.22,-65.8492,2003-05-12,2008-01-02,3.0,"[622, 738, 2121]"
625,MTR_BCD2003603_1192_8328_3600_FALL_1,BCD2003603,44.0952,-66.3207,2003-11-24,2005-02-28,3.0,"[625, 3112, 3230]"
627,MTR_BCD2003603_1372_4510_3600_FALL_1,BCD2003603,44.3275,-66.158,2000-11-29,2003-08-12,3.0,"[627, 1575, 3936]"
631,MTR_BCD2003603_1334_9065_3600_FALL_25,BCD2003603,43.5399,-66.0349,2004-04-23,2007-10-05,5.0,"[631, 3812, 3813, 3890, 3891]"
632,MTR_BCD2003603_1334_9065_3600_FALL_26,BCD2003603,43.5407,-66.0508,2004-03-05,2008-05-28,8.0,"[632, 893, 1640, 1686, 1716, 1717, 3891, 3959]"
636,MTR_BCD2003603_1328_8899_3600_FALL_19,BCD2003603,43.3825,-66.1733,2002-11-29,2007-12-26,8.0,"[636, 896, 1771, 2401, 2926, 4120, 4173, 4180]"
643,MTR_BCD2003603_1002_9072_3600_SPRING_1,BCD2003603,46.2665,-60.142,1999-05-17,2003-07-14,2.0,"[643, 3095]"
647,MTR_BCD2003603_1070_9050_3600_SPRING_1,BCD2003603,46.1962,-59.866,1999-05-15,2010-07-13,8.0,"[647, 1548, 2035, 2351, 2548, 3156, 3460, 3521]"
648,MTR_BCD2003603_1228_3748_3600_SPRING_1,BCD2003603,44.45,-64.1167,2000-11-28,2006-05-31,11.0,"[648, 651, 1040, 1492, 1707, 2277, 2731, 2763, 3138, 3556, 3739]"
654,MTR_BCD2003603_1318_8178_3600_FALL_1,BCD2003603,44.0397,-64.6763,2002-04-12,2006-05-30,5.0,"[654, 1404, 1815, 1849, 3675]"
655,MTR_BCD2003603_1322_8174_3600_FALL_2,BCD2003603,44.2417,-64.2925,2002-11-25,2004-05-29,7.0,"[655, 903, 976, 1166, 2895, 2990, 3972]"
658,MTR_BCD2003603_1370_4524_3600_FALL_1,BCD2003603,44.0517,-64.5825,2003-11-23,2010-05-31,12.0,"[658, 760, 816, 2339, 2541, 2552, 2941, 3070, 3232, 3355, 3621, 3984]"
661,MTR_BCD2002603_1344_8281_3600_FALL_SPRING_6,BCD2002603,44.2355,-66.348,2002-09-12,2003-12-05,2.0,"[661, 1803]"
666,MTR_BCD2002603_1340_8282_3600_FALL_SPRING_8,BCD2002603,43.2,-66.0833,2002-05-12,2004-05-28,5.0,"[666, 1189, 1765, 3647, 3874]"
669,MTR_BCD2003603_1308_4564_3600_SPRING_5,BCD2003603,44.5957,-63.489,2003-05-15,2007-04-24,7.0,"[669, 1197, 1884, 2205, 3337, 3653, 4025]"
670,MTR_BCD2002603_1340_8282_3600_FALL_SPRING_1,BCD2002603,43.35,-65.8333,2002-11-27,2010-05-29,3.0,"[670, 814, 840]"
671,MTR_BCD2003603_1352_8887_1800_SPRING_1,BCD2003603,46.0978,-59.8193,2003-05-15,2011-07-14,7.0,"[671, 1607, 2135, 2581, 3444, 3678, 4162]"
672,MTR_BCD2003603_1112_9057_3600_SPRING_1,BCD2003603,46.2333,-60.0167,2003-05-15,2011-07-13,3.0,"[672, 3438, 4354]"
